<?xml version="1.0" encoding="UTF-8"?>
<project-private xmlns="http://www.netbeans.org/ns/project-private/1">
    <editor-bookmarks xmlns="http://www.netbeans.org/ns/editor-bookmarks/2" lastBookmarkId="0"/>
    <open-files xmlns="http://www.netbeans.org/ns/projectui-open-files/2">
        <group>
            <file>file:/C:/Users/Acer/Documents/GitHub/UASDispro2021/Java%20App/JavaApp_Client/src/JavaAppClient/FormClientVoice.java</file>
            <file>file:/C:/Users/Acer/Documents/GitHub/UASDispro2021/Java%20App/JavaApp_Client/src/JavaAppClient/FormReservasi.java</file>
            <file>file:/C:/Users/Acer/Documents/GitHub/UASDispro2021/Java%20App/JavaApp_Client/src/JavaAppClient/FormChat.java</file>
        </group>
    </open-files>
</project-private>
