<?xml version="1.0" encoding="UTF-8"?>
<jax-ws xmlns="http://www.netbeans.org/ns/jax-ws/1">
  <services>
    <service name="UserService">
      <implementation-class>com.myrental.UserService</implementation-class>
    </service>
    <service name="TransaksiService">
      <implementation-class>com.myrental.TransaksiService</implementation-class>
    </service>
    <service name="PropertiService">
      <implementation-class>com.myrental.PropertiService</implementation-class>
    </service>
  </services>
  <clients/>
</jax-ws>
